{
  "configVer": "2",
  "input": null,
  "output": null,
  "pipeline": null,
  "components": [
    {
      "componentInstance": "09-conllstreamextractor.yaml_0",
      "class": "CoNLLStreamExtractor",
      "id": "0",
      "baseURI": "http://fintan-pipeline/",
      "columns": []
    }
  ],
  "streams": [
    {
      "readsFromInstance": "09-conllstreamextractor.yaml_0",
      "readsFromInstanceGraph": "",
      "writesToDestination": "System.out"
    },
    {
      "readsFromSource": "ConllToRdfPipeline/data/en-ud-test.conllu",
      "writesToInstance": "09-conllstreamextractor.yaml_0",
      "writesToInstanceGraph": ""
    }
  ]
}